<?xml version="1.0" encoding="utf-8"?>
<database name="default" namespace="DbModel" package="DbModel" defaultIdMethod="native" defaultPhpNamingMethod="underscore">
  <table name="products" idMethod="native" phpName="Product">
    <column name="id" phpName="Id" type="INTEGER" primaryKey="true" autoIncrement="true" required="true"/>
    <column name="NAME" phpName="Name" type="VARCHAR" size="255" required="true"/>
    <column name="created_on" phpName="CreatedOn" type="TIMESTAMP" required="true" defaultExpr="CURRENT_TIMESTAMP"/>
    <unique name="NAME">
      <unique-column name="NAME"/>
    </unique>
    <vendor type="mysql">
      <parameter name="Engine" value="InnoDB"/>
    </vendor>
  </table>
  <table name="stock_transactions" idMethod="native" phpName="StockTransaction">
    <column name="id" phpName="Id" type="INTEGER" primaryKey="true" autoIncrement="true" required="true"/>
    <column name="product_id" phpName="ProductId" type="INTEGER" required="true"/>
    <column name="from_warehouse_id" phpName="FromWarehouseId" type="INTEGER"/>
    <column name="to_warehouse_id" phpName="ToWarehouseId" type="INTEGER"/>
    <column name="vehicle_id" phpName="VehicleId" type="INTEGER"/>
    <column name="creator_user_id" phpName="CreatorUserId" type="INTEGER"/>
    <column name="amount" phpName="Amount" type="INTEGER" required="true"/>
    <column name="created_on" phpName="CreatedOn" type="TIMESTAMP" required="true" defaultExpr="CURRENT_TIMESTAMP"/>
    <foreign-key foreignTable="products" name="stock_transactions_ibfk_1">
      <reference local="product_id" foreign="id"/>
    </foreign-key>
    <foreign-key foreignTable="warehouses" name="stock_transactions_ibfk_2">
      <reference local="from_warehouse_id" foreign="id"/>
    </foreign-key>
    <foreign-key foreignTable="warehouses" name="stock_transactions_ibfk_3">
      <reference local="to_warehouse_id" foreign="id"/>
    </foreign-key>
    <foreign-key foreignTable="vehicles" name="stock_transactions_ibfk_4">
      <reference local="vehicle_id" foreign="id"/>
    </foreign-key>
    <foreign-key foreignTable="users" name="stock_transactions_ibfk_5">
      <reference local="creator_user_id" foreign="id"/>
    </foreign-key>
    <index name="product_id">
      <index-column name="product_id"/>
    </index>
    <index name="from_warehouse_id">
      <index-column name="from_warehouse_id"/>
    </index>
    <index name="to_warehouse_id">
      <index-column name="to_warehouse_id"/>
    </index>
    <index name="vehicle_id">
      <index-column name="vehicle_id"/>
    </index>
    <index name="creator_user_id">
      <index-column name="creator_user_id"/>
    </index>
    <vendor type="mysql">
      <parameter name="Engine" value="InnoDB"/>
    </vendor>
  </table>
  <table name="users" idMethod="native" phpName="User">
    <column name="id" phpName="Id" type="INTEGER" primaryKey="true" autoIncrement="true" required="true"/>
    <column name="username" phpName="Username" type="VARCHAR" size="255" required="true"/>
    <column name="PASSWORD" phpName="Password" type="VARCHAR" size="255" required="true"/>
    <column name="created_on" phpName="CreatedOn" type="TIMESTAMP" required="true" defaultExpr="CURRENT_TIMESTAMP"/>
    <unique name="username">
      <unique-column name="username"/>
    </unique>
    <vendor type="mysql">
      <parameter name="Engine" value="InnoDB"/>
    </vendor>
  </table>
  <table name="vehicles" idMethod="native" phpName="Vehicle">
    <column name="id" phpName="Id" type="INTEGER" primaryKey="true" autoIncrement="true" required="true"/>
    <column name="plate_number" phpName="PlateNumber" type="VARCHAR" size="20" required="true"/>
    <column name="created_on" phpName="CreatedOn" type="TIMESTAMP" required="true" defaultExpr="CURRENT_TIMESTAMP"/>
    <unique name="plate_number">
      <unique-column name="plate_number"/>
    </unique>
    <vendor type="mysql">
      <parameter name="Engine" value="InnoDB"/>
    </vendor>
  </table>
  <table name="warehouse_product_stock_log" idMethod="native" phpName="WarehouseProductStockLog">
    <column name="id" phpName="Id" type="INTEGER" primaryKey="true" autoIncrement="true" required="true"/>
    <column name="warehouse_id" phpName="WarehouseId" type="INTEGER" required="true"/>
    <column name="product_id" phpName="ProductId" type="INTEGER" required="true"/>
    <column name="related_transaction_id" phpName="RelatedTransactionId" type="INTEGER"/>
    <column name="amount" phpName="Amount" type="INTEGER" required="true"/>
    <column name="is_received" phpName="IsReceived" type="BOOLEAN" size="1" required="true"/>
    <column name="created_on" phpName="CreatedOn" type="TIMESTAMP" required="true" defaultExpr="CURRENT_TIMESTAMP"/>
    <foreign-key foreignTable="warehouses" name="warehouse_product_stock_log_ibfk_1">
      <reference local="warehouse_id" foreign="id"/>
    </foreign-key>
    <foreign-key foreignTable="products" name="warehouse_product_stock_log_ibfk_2">
      <reference local="product_id" foreign="id"/>
    </foreign-key>
    <foreign-key foreignTable="stock_transactions" name="warehouse_product_stock_log_ibfk_3">
      <reference local="related_transaction_id" foreign="id"/>
    </foreign-key>
    <index name="warehouse_id">
      <index-column name="warehouse_id"/>
    </index>
    <index name="product_id">
      <index-column name="product_id"/>
    </index>
    <index name="related_transaction_id">
      <index-column name="related_transaction_id"/>
    </index>
    <vendor type="mysql">
      <parameter name="Engine" value="InnoDB"/>
    </vendor>
  </table>
  <table name="warehouses" idMethod="native" phpName="Warehouse">
    <column name="id" phpName="Id" type="INTEGER" primaryKey="true" autoIncrement="true" required="true"/>
    <column name="NAME" phpName="Name" type="VARCHAR" size="255" required="true"/>
    <column name="created_on" phpName="CreatedOn" type="TIMESTAMP" required="true" defaultExpr="CURRENT_TIMESTAMP"/>
    <unique name="NAME">
      <unique-column name="NAME"/>
    </unique>
    <vendor type="mysql">
      <parameter name="Engine" value="InnoDB"/>
    </vendor>
  </table>
</database>